ID_Surveys,Job_Family,Position_Level,Gender,Age ,GEN,YOS,Level_YOS,SAY1,SAY2,STAY1,STAY2,STRIVE1,STRIVE2,AVG_point,EOC_Level,Culture & Value,Target & Direction,Transparency / Honestly,Listen to Opinion,Employee Empowerment / Autonomy,Fair Treatment,Rewards,Punishment,Performance Management,Flexibility & Adaptability,Standard,Rules & Regulations,Brand Image,Proud,Communication,Job Satisfaction,Job Expectation,Line of Command,Authority,Job Security,Planning & Organizing,Working Process,Problem Solving & Decision Making,Cooperation,People Capability,Relationship (Colleague),Relationship (Immediate Supervisor),Teamwork,Respect Others,Discipline / Compliance,Leadership,Compensation,Benefits,Recognition,Career Opportunities,Learning & Development,Growth & Continuous Learning,Work Life Balance,Physical Work Environment,Technology,imt_1,imt_2,imt_3,imt_4,imt_5,imt_6,imt_7,imt_8,imt_9,imt_10
IDS_01,Core Function,Middle Management,Male,39,Gen Y,13,More Than 10 Years,4,4,3,3,3,3,3.3,Moderately Engaged,2,3,3,4,4,3,2,2,3,4,3,3,4,4,2,4,3,3,3,3,3,3,3,4,4,4,3,4,4,4,3,3,3,2,3,4,3,3,4,4,23,3,40,21,23,1,9,37,14,6
IDS_02,Core Function,Senior Management,Female,25,Gen Z,10,6-10 Years,4,3,3,4,4,3,3.5,Highly Engaged,4,4,4,4,4,4,4,4,4,4,4,4,4,4,4,4,4,4,4,3,4,4,4,4,4,4,4,4,3,4,4,3,4,4,3,4,4,1,4,4,15,13,40,25,6,4,31,27,4,29
IDS_03,Core Function,Operator,Others,36,Gen Y,10,6-10 Years,4,4,3,3,3,3,3.3,Moderately Engaged,1,3,3,4,2,3,3,2,3,4,3,3,4,4,2,3,3,2,2,4,3,3,3,3,3,3,3,3,3,2,2,3,4,3,3,4,4,2,4,3,18,14,29,37,11,34,1,11,6,25
IDS_04,Core Function,Operator,Female,42,Gen Y,4,3-5 Years,3,3,3,3,3,4,3.2,Moderately Engaged,1,4,3,3,2,2,4,2,4,3,4,4,3,3,3,3,3,3,2,4,2,3,3,3,4,3,3,4,3,3,2,3,4,3,2,3,4,2,4,4,20,15,28,37,19,24,5,21,2,12
IDS_05,Core Function,Operator,Female,61,Baby Boomer,4,3-5 Years,3,4,3,3,3,4,3.3,Moderately Engaged,3,2,3,2,2,3,3,3,2,3,2,3,3,3,2,3,2,2,2,2,2,2,3,3,4,4,4,3,3,3,3,3,3,3,2,2,3,2,3,3,19,1,24,26,22,25,29,7,35,7
IDS_06,Core Function,Operator,Female,47,Gen X,13,More Than 10 Years,3,3,4,3,3,3,3.2,Moderately Engaged,2,3,3,3,3,3,2,3,3,3,3,3,3,3,2,3,2,3,2,4,2,2,2,3,3,4,3,3,3,3,3,2,3,3,3,3,3,3,4,2,22,24,37,38,31,23,37,9,20,24
IDS_07,Core Function,Operator,Female,38,Gen Y,7,6-10 Years,3,3,3,3,3,3,3,Moderately Engaged,3,3,3,3,2,3,2,3,3,2,3,3,4,3,2,3,2,3,2,3,3,3,3,3,3,4,3,3,3,3,3,3,4,2,2,2,3,2,4,4,26,14,35,34,3,18,30,15,19,12
IDS_08,Core Function,Operator,Female,40,Gen Y,12,More Than 10 Years,4,3,3,3,3,3,3.2,Moderately Engaged,2,2,3,2,3,2,2,2,2,3,3,2,3,3,1,3,1,2,2,3,2,2,3,2,4,3,4,3,3,3,3,2,2,3,1,4,2,1,3,4,18,23,4,30,6,24,26,11,37,32
IDS_09,Core Function,Operator,Male,32,Gen Y,6,6-10 Years,3,4,3,3,3,3,3.2,Moderately Engaged,3,2,4,4,2,4,1,2,2,4,1,3,3,1,1,2,4,4,1,3,2,3,1,3,4,1,3,1,2,3,1,3,1,1,4,2,1,3,1,2,8,39,11,31,23,38,22,3,33,25
IDS_10,Core Function,Operator,Female,61,Baby Boomer,14,More Than 10 Years,3,4,3,3,3,3,3.2,Moderately Engaged,1,1,2,3,1,1,4,3,3,1,3,1,1,1,4,3,1,3,3,3,1,4,4,1,4,2,2,1,4,3,3,4,2,2,4,4,4,3,1,4,12,26,36,37,38,21,29,27,29,21
IDS_11,Core Function,Operator,Others,51,Gen X,7,6-10 Years,4,4,3,3,3,3,3.3,Moderately Engaged,4,2,4,3,1,3,2,2,4,1,4,3,1,4,2,3,4,2,1,3,4,3,2,3,1,2,4,1,3,2,3,4,4,3,3,3,3,2,4,3,18,38,10,34,9,23,31,18,12,2
IDS_12,Core Function,Operator,Female,22,Gen Z,10,6-10 Years,4,3,3,4,4,3,3.5,Highly Engaged,2,2,3,3,4,4,2,4,2,3,1,4,1,2,4,3,3,2,1,2,3,2,3,3,2,3,3,1,2,4,4,3,3,3,2,3,4,2,1,4,2,12,28,20,34,7,21,31,29,31
IDS_13,Core Function,Operator,Female,65,Baby Boomer,2,1-2 Years,4,4,3,3,3,3,3.3,Moderately Engaged,1,2,1,4,2,4,3,1,4,1,3,1,1,3,2,1,4,1,1,4,2,3,4,1,2,4,3,2,1,2,2,1,3,4,2,3,3,4,2,2,9,3,9,15,17,10,16,14,39,7
IDS_14,Core Function,Professional,Female,63,Baby Boomer,0.7,Less than 1 Year,3,3,3,3,3,4,3.2,Moderately Engaged,3,3,4,3,3,2,2,2,2,3,3,2,3,3,3,3,3,3,2,3,3,3,2,3,3,4,2,3,3,3,2,3,2,3,3,3,4,4,3,2,15,4,38,10,10,4,21,27,36,9
IDS_15,Core Function,Professional,Female,62,Baby Boomer,15,More Than 10 Years,3,4,3,3,3,4,3.3,Moderately Engaged,1,1,2,1,1,2,1,1,1,2,1,2,2,1,1,1,1,1,1,2,1,1,2,4,4,4,2,4,4,4,1,3,2,2,2,2,2,1,1,2,13,15,32,15,13,39,21,3,10,20
IDS_16,Core Function,Professional,Others,39,Gen Y,10,6-10 Years,3,3,4,3,3,3,3.2,Moderately Engaged,2,1,2,3,2,2,1,2,2,2,2,2,2,2,2,2,1,2,2,2,1,1,1,1,3,3,2,3,2,2,2,1,2,2,3,2,2,3,2,2,2,27,30,26,9,40,25,21,39,40
IDS_17,Core Function,Professional,Male,37,Gen Y,5,3-5 Years,3,3,3,3,3,3,3,Moderately Engaged,3,3,3,3,3,3,3,3,3,3,3,3,4,4,3,4,3,4,3,4,3,3,3,3,4,4,4,4,4,3,3,4,4,3,3,3,4,1,3,4,32,2,31,33,14,36,25,32,3,11
IDS_18,Core Function,Professional,Female,43,Gen Y,3,3-5 Years,4,3,3,3,3,3,3.2,Moderately Engaged,3,3,3,2,3,2,1,2,1,3,2,2,4,3,3,3,3,2,3,4,3,2,3,3,2,3,3,3,3,3,3,2,4,3,1,2,3,1,3,1,9,16,28,20,19,26,17,1,30,12
IDS_19,Core Function,Professional,Female,42,Gen Y,3,3-5 Years,3,4,3,3,3,3,3.2,Moderately Engaged,2,3,3,2,3,2,2,3,3,2,3,3,3,3,1,3,2,3,3,2,3,2,2,3,3,3,2,3,3,3,3,2,3,2,2,3,3,2,3,3,39,21,3,26,16,34,12,7,12,37
IDS_20,Core Function,Professional,Male,40,Gen Y,3,3-5 Years,3,4,3,3,3,3,3.2,Moderately Engaged,3,3,4,3,3,3,2,3,3,3,3,3,4,4,3,3,4,2,2,3,2,2,3,2,3,2,2,2,3,3,3,2,3,3,3,3,3,2,3,3,5,20,5,24,40,18,39,39,20,25
IDS_21,Core Function,Middle Management,Female,53,Gen X,6,6-10 Years,3,3,3,3,3,3,3,Moderately Engaged,3,2,3,3,2,3,3,3,3,3,2,3,3,3,3,3,2,1,1,3,3,3,2,3,3,3,3,3,3,3,3,3,4,3,3,4,4,2,4,4,1,4,20,5,39,10,31,6,9,5
IDS_22,Core Function,Professional,Male,25,Gen Z,3,3-5 Years,3,3,3,4,3,3,3.2,Moderately Engaged,2,3,3,3,3,3,2,3,3,3,2,3,3,3,2,3,2,3,3,3,3,3,3,3,3,3,3,3,3,3,3,2,2,3,2,3,3,2,3,3,11,34,30,15,33,14,20,3,35,12
IDS_23,Core Function,Operator,Others,31,Gen Y,12,More Than 10 Years,4,3,4,3,4,3,3.5,Highly Engaged,2,3,3,2,3,2,2,3,1,3,2,3,3,4,1,4,2,1,3,2,3,3,2,3,4,3,2,4,3,2,2,3,4,2,3,4,4,4,4,3,19,32,27,17,8,25,25,8,35,10
IDS_24,Core Function,Operator,Male,50,Gen X,12,More Than 10 Years,3,3,3,1,3,3,2.7,Disengaged,3,3,4,3,2,3,3,3,3,3,3,3,4,4,3,3,3,3,3,4,3,3,3,3,4,4,3,3,4,3,3,3,4,3,3,3,2,3,4,3,30,11,6,12,12,23,29,6,29,40
IDS_25,Core Function,Operator,Male,35,Gen Y,5,3-5 Years,3,3,3,2,3,4,3,Moderately Engaged,3,4,2,3,2,2,2,1,2,2,4,2,4,4,2,3,2,2,2,3,2,2,3,2,4,4,4,4,4,2,4,2,2,3,2,3,3,1,4,4,20,23,7,23,40,37,11,13,15,40
IDS_26,Core Function,Operator,Female,31,Gen Y,6,6-10 Years,3,4,4,2,1,4,3,Moderately Engaged,4,4,3,3,3,3,2,2,3,3,2,3,4,3,2,2,2,3,2,2,2,2,2,3,4,3,3,3,3,2,4,3,3,3,2,3,4,3,3,3,36,16,1,22,33,1,24,22,6,22
IDS_27,Core Function,Operator,Male,38,Gen Y,9,6-10 Years,3,3,2,2,1,1,2,Disengaged,1,1,4,4,4,3,2,2,3,1,4,2,4,1,4,4,1,2,4,4,4,3,2,1,2,2,3,4,4,2,2,3,2,4,1,3,1,4,2,3,19,6,7,28,3,4,16,27,12,18
IDS_28,Core Function,Operator,Male,48,Gen X,10,6-10 Years,4,3,2,2,1,1,2.2,Disengaged,3,3,3,4,1,4,1,3,1,2,3,3,4,4,2,2,1,3,1,3,3,3,3,3,3,1,4,4,3,3,3,1,2,2,4,3,3,1,3,4,36,29,32,16,33,19,3,1,29,29
IDS_29,Core Function,Operator,Male,28,Gen Y,1,1-2 Years,3,3,2,2,4,1,2.5,Disengaged,4,3,3,1,2,1,3,2,4,3,3,2,3,4,4,2,4,3,2,1,1,1,1,3,4,3,1,3,3,3,2,4,1,2,4,1,1,1,2,2,10,10,9,15,27,27,7,30,11,14
IDS_30,Core Function,Operator,Female,62,Baby Boomer,10,6-10 Years,3,3,2,2,1,1,2,Disengaged,1,3,1,1,3,1,4,4,3,4,3,3,2,4,4,3,2,1,2,2,3,1,4,3,2,2,4,4,4,2,2,4,1,2,4,2,1,3,2,4,26,37,28,37,24,39,20,24,36,37
IDS_31,Core Function,Operator,Female,65,Baby Boomer,8,6-10 Years,3,3,2,1,4,1,2.3,Disengaged,1,4,1,4,2,2,2,4,3,1,4,4,4,4,2,3,3,1,2,2,3,2,1,4,1,4,4,4,3,3,1,3,2,3,4,2,4,1,4,3,37,27,16,14,40,30,21,11,1,20
IDS_32,Core Function,Operator,Male,30,Gen Y,4,3-5 Years,3,3,3,2,3,4,3,Moderately Engaged,2,3,2,1,4,4,2,3,3,3,3,3,4,4,3,2,2,2,4,4,3,3,3,2,4,2,1,2,4,3,1,3,3,2,4,2,3,3,1,3,40,5,19,38,25,20,38,28,16,1
IDS_33,Core Function,Professional,Female,23,Gen Z,5,3-5 Years,3,4,4,2,1,4,3,Moderately Engaged,2,1,4,4,4,4,4,3,2,2,1,1,3,3,1,3,3,1,4,3,1,4,3,4,2,3,1,4,4,2,3,2,1,2,4,1,1,2,2,1,32,18,35,8,25,15,27,21,13,3
IDS_34,Support Core Function,Senior Management,Female,51,Gen X,12,More Than 10 Years,3,3,2,2,1,1,2,Disengaged,3,2,2,2,2,2,2,2,2,3,3,2,3,3,3,2,2,2,2,3,2,3,2,4,4,4,4,4,4,4,3,2,2,2,2,3,3,4,4,2,24,32,18,6,40,4,31,9,9,20
IDS_35,Support Core Function,Operator,Female,31,Gen Y,9,6-10 Years,4,3,2,2,1,1,2.2,Disengaged,3,3,4,3,2,3,3,3,3,3,3,3,4,4,3,3,3,3,3,4,3,3,3,3,4,4,3,3,4,3,3,3,4,3,3,3,2,3,4,3,18,2,26,33,30,13,17,31,6,29
IDS_36,Support Core Function,Operator,Male,58,Gen X,8,6-10 Years,3,3,2,2,4,1,2.5,Disengaged,3,3,3,3,2,3,2,3,3,2,3,3,4,3,2,3,2,3,2,3,3,3,3,3,3,4,3,3,3,3,3,3,4,2,2,2,3,2,4,4,15,10,22,9,32,39,40,25,25,37
IDS_37,Support Core Function,Operator,Female,59,Gen X,5,3-5 Years,3,3,2,2,1,1,2,Disengaged,4,4,3,3,3,3,2,2,3,3,2,3,4,3,2,2,2,3,2,2,2,2,2,3,4,3,3,3,3,2,4,3,3,3,2,3,4,3,3,3,12,5,39,28,17,8,15,11,21,28
IDS_38,Support Core Function,Senior Management,Female,34,Gen Y,3,3-5 Years,3,3,2,1,4,1,2.3,Disengaged,2,1,2,3,2,2,1,2,2,2,2,2,2,2,2,2,1,2,2,2,1,1,1,1,3,3,2,3,2,2,2,1,2,2,1,2,2,1,2,2,6,30,25,16,7,21,24,31,26,21
IDS_39,Support Core Function,Operator,Male,26,Gen Z,5,3-5 Years,4,3,4,2,1,1,2.5,Disengaged,4,2,1,2,2,1,1,2,3,2,2,2,4,2,2,2,1,4,2,2,2,1,2,2,3,4,2,3,2,2,2,3,4,3,2,2,3,2,2,4,18,32,22,24,4,27,27,33,31,1
IDS_40,Support Core Function,Operator,Female,28,Gen Y,15,More Than 10 Years,3,2,2,2,2,2,2.2,Disengaged,3,3,4,3,3,2,2,2,2,3,3,2,3,3,3,3,3,3,2,3,3,3,2,3,3,4,2,3,3,3,2,3,2,3,3,3,3,2,2,2,17,34,2,11,9,33,35,28,21,18
IDS_41,Support Core Function,Operator,Male,63,Baby Boomer,10,6-10 Years,3,3,3,2,2,2,2.5,Disengaged,1,4,4,4,4,4,2,3,4,4,2,3,3,4,3,4,3,3,3,3,3,2,3,3,4,4,3,3,3,3,3,4,4,3,3,4,4,2,4,4,9,3,24,22,3,25,7,5,36,3
IDS_42,Support Core Function,Senior Management,Others,49,Gen X,5,3-5 Years,2,2,2,2,2,2,2,Disengaged,3,3,3,3,3,3,3,3,3,3,3,3,3,3,4,4,4,4,4,4,3,3,3,3,4,3,3,3,3,3,3,3,3,3,3,3,4,3,3,3,23,37,1,40,34,24,21,34,8,27
IDS_43,Support Core Function,Operator,Male,41,Gen Y,5,3-5 Years,2,2,2,1,2,2,1.8,Disengaged,3,4,3,3,3,3,2,3,3,4,3,4,4,4,3,3,3,2,2,3,3,2,3,4,3,4,3,4,4,3,3,4,4,4,4,4,4,2,3,4,37,24,7,38,3,24,3,9,6,30
IDS_44,Support Core Function,Operator,Male,62,Baby Boomer,15,More Than 10 Years,2,2,2,1,2,2,1.8,Disengaged,4,4,3,3,1,1,2,3,2,4,4,4,3,4,1,4,3,4,1,4,3,3,3,3,4,4,1,4,3,4,4,4,4,3,4,3,4,3,4,1,3,1,8,35,23,28,28,6,38,7
IDS_45,Semi Core Function,Professional,Female,55,Gen X,13,More Than 10 Years,2,2,2,1,2,2,1.8,Disengaged,4,3,4,3,4,4,2,3,4,4,4,3,4,4,3,4,2,4,4,3,3,3,3,4,4,4,4,4,4,4,3,4,3,4,3,3,3,4,3,3,35,40,5,17,26,36,36,5,5,12
IDS_46,Support Core Function,Operator,Male,43,Gen Y,13,More Than 10 Years,2,2,1,1,2,2,1.7,Disengaged,2,2,4,3,2,3,1,2,2,1,3,4,4,2,2,3,3,2,2,3,2,2,2,3,3,3,3,3,2,3,2,2,3,2,2,4,3,2,3,3,14,11,2,16,5,35,36,21,19,19
IDS_47,Semi Core Function,Operator,Male,61,Baby Boomer,9,6-10 Years,4,4,3,4,4,3,3.7,Highly Engaged,3,2,2,2,2,2,2,2,2,3,3,2,3,3,3,2,2,2,2,3,2,3,2,4,4,4,4,4,4,4,3,2,2,2,2,3,3,4,4,2,10,1,30,1,22,4,29,38,25,26
IDS_48,Semi Core Function,Operator,Male,55,Gen X,1,1-2 Years,4,4,3,4,4,3,3.7,Highly Engaged,2,1,1,2,3,2,1,1,2,1,1,3,2,2,4,2,1,3,4,1,3,2,1,1,2,2,3,4,2,4,3,2,4,4,3,3,1,4,1,4,17,26,15,38,33,39,7,3,3,36
IDS_49,Semi Core Function,Operator,Female,31,Gen Y,6,6-10 Years,4,3,3,4,4,3,3.5,Highly Engaged,3,3,2,4,3,3,3,3,3,4,2,3,4,4,1,2,4,2,4,2,1,1,4,4,1,3,3,1,4,3,4,2,1,2,3,3,3,1,3,4,7,4,7,38,33,14,24,23,7,9
IDS_50,Semi Core Function,Operator,Male,63,Baby Boomer,2,1-2 Years,4,4,3,3,3,3,3.3,Moderately Engaged,1,2,2,2,2,1,1,1,1,3,1,1,2,1,2,3,2,3,3,1,3,1,3,4,3,4,3,4,4,2,3,2,3,3,2,3,3,1,3,3,13,36,21,10,36,7,30,8,4,16
IDS_51,Semi Core Function,Professional,Female,48,Gen X,10,6-10 Years,4,3,4,3,3,3,3.3,Moderately Engaged,3,3,3,3,4,2,2,3,3,2,3,3,3,4,2,4,2,3,3,2,3,3,3,3,3,3,3,3,3,3,3,2,2,3,2,2,3,4,3,3,7,17,20,30,9,1,15,17,8,37
IDS_52,Semi Core Function,Professional,Male,63,Baby Boomer,0.2,Less than 1 Year,4,4,3,3,3,3,3.3,Moderately Engaged,3,4,3,3,3,3,2,3,3,4,3,4,4,4,3,3,3,2,2,3,3,2,3,4,3,4,3,4,4,3,3,4,4,4,4,4,4,2,3,4,5,26,40,27,12,25,39,24,29,18
IDS_53,Semi Core Function,Operator,Others,37,Gen Y,11,More Than 10 Years,4,4,3,3,3,3,3.3,Moderately Engaged,1,3,3,3,4,2,1,2,2,4,2,2,3,3,3,4,3,3,4,4,3,2,3,4,4,4,4,4,4,3,4,3,2,2,2,4,3,1,4,4,18,31,36,29,33,38,18,16,7,35
IDS_54,Support Core Function,Operator,Male,27,Gen Z,3,3-5 Years,3,3,2,2,4,1,2.5,Disengaged,3,3,2,3,2,2,2,3,2,2,2,3,3,2,2,2,2,3,2,2,3,2,2,2,3,3,3,3,3,3,3,2,3,2,2,2,2,2,3,3,12,39,32,38,22,20,40,2,11,4
IDS_55,Support Core Function,Operator,Male,41,Gen Y,10,6-10 Years,4,3,4,2,1,1,2.5,Disengaged,1,2,2,1,3,3,1,1,2,3,2,3,2,1,1,3,1,1,1,1,2,1,2,3,2,4,1,2,3,3,1,2,3,2,1,3,2,1,1,2,9,17,33,16,7,3,26,23,11,25
IDS_56,Support Core Function,Operator,Female,48,Gen X,13,More Than 10 Years,3,3,3,2,2,2,2.5,Disengaged,4,4,4,4,3,3,3,4,4,3,4,4,3,3,3,4,4,3,3,3,3,3,4,3,3,4,3,3,4,4,2,3,3,4,3,4,3,2,3,4,1,21,8,5,17,4,17,20,16,15
IDS_57,Support Core Function,Operator,Male,24,Gen Z,15,More Than 10 Years,3,4,3,2,1,1,2.3,Disengaged,4,4,3,3,3,2,2,2,3,3,2,3,4,3,3,2,2,2,2,2,2,2,3,3,4,3,2,3,3,3,3,3,3,3,2,3,3,3,3,3,5,37,15,8,26,1,26,38,37,8
IDS_58,Support Core Function,Operator,Male,64,Baby Boomer,13,More Than 10 Years,3,3,2,1,4,1,2.3,Disengaged,1,1,2,1,1,2,1,1,1,2,1,2,2,1,1,1,1,1,1,2,1,1,2,4,4,4,2,4,4,4,1,3,2,2,2,2,2,1,1,2,17,11,38,16,11,1,31,6,17,4
IDS_59,Support Core Function,Operator,Male,61,Baby Boomer,8,6-10 Years,3,3,3,2,1,1,2.2,Disengaged,2,2,4,3,2,3,1,2,2,1,3,4,4,2,2,3,3,2,2,3,2,2,2,3,3,3,3,3,2,3,2,2,3,2,2,4,3,2,3,3,29,38,26,13,11,30,2,19,14,33
IDS_60,Support Core Function,Operator,Female,65,Baby Boomer,10,6-10 Years,4,3,2,2,1,1,2.2,Disengaged,2,3,4,3,3,4,2,3,3,4,4,4,3,3,3,4,4,3,4,3,3,3,3,4,4,4,4,4,4,3,4,3,3,3,3,3,3,3,3,3,31,36,1,7,4,28,23,21,30,20
IDS_61,Support Core Function,Operator,Female,43,Gen Y,10,6-10 Years,3,3,2,2,1,1,2,Disengaged,2,1,2,2,2,2,1,1,1,3,1,3,2,2,2,2,1,1,1,2,2,1,2,3,3,4,3,3,2,2,2,3,4,2,1,3,3,2,3,2,15,22,14,15,20,2,34,33,37,19
IDS_62,Support Core Function,Operator,Male,61,Baby Boomer,13,More Than 10 Years,3,3,2,1,4,1,2.3,Disengaged,4,3,3,3,3,3,2,2,3,3,4,3,4,4,3,3,3,3,2,3,3,3,3,4,3,4,2,4,3,3,3,3,3,3,3,3,4,2,3,3,19,15,40,36,34,22,13,1,40,6
IDS_63,Support Core Function,Operator,Female,57,Gen X,3,3-5 Years,4,3,4,2,1,1,2.5,Disengaged,2,4,4,3,3,3,2,3,3,3,3,3,3,3,4,3,3,3,3,4,3,3,3,3,4,4,3,4,4,3,4,3,3,3,3,4,4,3,3,3,40,25,1,10,37,36,6,22,37,19
IDS_64,Support Core Function,Operator,Female,60,Baby Boomer,4,3-5 Years,3,2,2,2,2,2,2.2,Disengaged,2,3,3,2,3,2,2,3,1,3,2,3,3,4,1,4,2,1,3,2,3,3,2,3,4,3,2,4,3,2,2,3,4,2,3,4,4,4,4,3,16,20,18,14,1,8,6,36,23,30
IDS_65,Support Core Function,Operator,Others,36,Gen Y,10,6-10 Years,3,3,3,2,2,2,2.5,Disengaged,3,4,2,3,2,2,2,1,2,2,4,2,4,4,2,3,2,2,2,3,2,2,3,2,4,4,4,4,4,2,4,2,2,3,2,3,3,1,4,4,10,23,17,5,12,25,20,4,11,17
IDS_66,Support Core Function,Operator,Male,36,Gen Y,15,More Than 10 Years,2,2,2,2,2,2,2,Disengaged,2,3,3,3,3,3,2,3,3,3,3,3,3,3,2,3,2,3,2,4,2,2,2,3,3,4,3,3,3,3,3,2,3,3,3,3,3,3,4,2,1,23,19,10,34,31,7,31,38,21
IDS_67,Support Core Function,Operator,Male,63,Baby Boomer,14,More Than 10 Years,2,2,2,1,2,2,1.8,Disengaged,2,2,3,2,3,2,2,2,2,3,3,2,3,3,1,3,1,2,2,3,2,2,3,2,4,3,4,3,3,3,3,2,2,3,1,4,2,1,3,4,39,16,11,10,11,9,14,37,18,13
IDS_68,Support Core Function,Operator,Female,59,Gen X,13,More Than 10 Years,2,2,2,2,2,2,2,Disengaged,4,3,2,3,3,2,1,2,3,3,2,2,3,3,2,2,2,1,1,2,2,1,2,3,4,3,3,3,3,3,2,2,3,2,1,2,2,2,3,2,21,16,34,10,25,19,1,25,32,39
IDS_69,Support Core Function,Operator,Male,27,Gen Z,3,3-5 Years,2,2,2,1,2,2,1.8,Disengaged,3,3,3,3,4,2,2,3,3,2,3,3,3,4,2,4,2,3,3,2,3,3,3,3,3,3,3,3,3,3,3,2,2,3,3,4,3,3,3,3,29,7,25,1,37,2,4,19,1,23
IDS_70,Support Core Function,Operator,Male,44,Gen X,3,3-5 Years,3,3,2,2,1,1,2,Disengaged,2,3,4,3,4,3,3,3,3,4,3,3,3,3,3,3,3,4,3,4,3,2,2,4,4,4,4,4,4,3,4,3,3,4,3,4,3,2,3,3,3,6,21,1,10,9,16,27,8,19
IDS_71,Support Core Function,Operator,Male,34,Gen Y,10,6-10 Years,3,3,2,1,4,1,2.3,Disengaged,2,3,2,2,3,1,2,1,2,3,2,2,3,2,1,4,2,3,2,3,3,1,1,4,3,3,3,3,3,2,4,3,3,2,2,2,3,3,2,4,13,13,14,32,30,35,19,25,33,21
IDS_72,Support Core Function,Operator,Female,62,Baby Boomer,6,6-10 Years,4,3,4,2,1,1,2.5,Disengaged,1,1,2,2,2,2,2,2,2,3,2,2,3,3,2,3,1,1,1,2,1,1,1,3,3,3,1,2,2,3,1,2,2,1,1,3,2,2,2,3,29,22,24,9,39,8,33,4,17,9
IDS_73,Support Core Function,Operator,Female,35,Gen Y,3,3-5 Years,3,2,2,2,2,2,2.2,Disengaged,3,4,4,4,4,4,3,3,4,4,3,3,3,4,3,3,3,3,4,3,2,2,2,3,4,4,4,4,4,4,3,4,3,4,4,4,4,3,4,3,24,2,28,16,21,25,40,20,36,8
IDS_74,Support Core Function,Operator,Others,31,Gen Y,11,More Than 10 Years,3,3,3,2,2,2,2.5,Disengaged,3,2,4,4,4,4,4,1,4,4,4,4,4,4,2,3,4,1,3,4,4,4,4,4,4,4,4,4,4,4,2,2,3,4,3,4,4,3,2,4,12,5,39,30,11,40,22,11,22,15
IDS_75,Support Core Function,Senior Management,Male,36,Gen Y,1,1-2 Years,2,2,2,2,2,2,2,Disengaged,4,3,3,4,3,4,2,4,3,3,3,3,3,3,3,4,4,4,3,4,3,3,3,4,4,4,4,4,4,4,3,2,3,4,3,4,3,3,3,2,28,38,9,32,33,24,6,2,28,9
IDS_76,Support Core Function,Operator,Male,45,Gen X,2,1-2 Years,2,2,2,1,2,2,1.8,Disengaged,2,3,4,3,3,3,2,3,4,4,3,3,4,4,3,4,3,2,3,4,4,3,3,4,3,3,3,4,4,3,3,3,3,4,4,4,4,4,3,4,3,2,38,11,15,33,2,1,37,19
IDS_77,Support Core Function,Operator,Female,24,Gen Z,8,6-10 Years,2,2,2,2,2,2,2,Disengaged,4,4,3,3,3,2,2,2,3,3,2,3,4,3,3,2,2,2,2,2,2,2,3,3,4,3,2,3,3,3,3,3,3,3,2,3,3,3,3,3,13,23,3,34,13,40,14,17,32,28
IDS_78,Support Core Function,Operator,Male,23,Gen Z,1,1-2 Years,2,2,2,1,2,2,1.8,Disengaged,3,1,2,2,4,3,3,4,2,4,3,1,4,4,4,3,1,1,4,1,1,3,1,4,4,2,1,1,2,3,4,1,3,3,1,2,4,4,2,2,10,38,15,16,35,10,31,34,34,1
IDS_79,Support Core Function,Operator,Male,25,Gen Z,8,6-10 Years,2,2,2,1,2,2,1.8,Disengaged,3,4,3,2,1,3,2,3,2,3,2,2,2,3,2,1,2,3,2,1,1,1,2,1,1,4,3,2,1,1,1,2,3,4,2,3,3,3,3,2,9,31,38,4,14,38,9,9,29,12
IDS_80,Support Core Function,Operator,Male,50,Gen X,2,1-2 Years,2,2,2,1,2,2,1.8,Disengaged,2,3,4,3,3,4,4,1,2,4,1,2,1,1,4,1,2,3,3,4,2,4,2,3,4,4,4,4,4,1,4,4,2,1,1,4,4,3,3,4,8,40,1,12,6,26,6,18,20,22
IDS_81,Support Core Function,Operator,Female,53,Gen X,4,3-5 Years,2,2,2,1,2,2,1.8,Disengaged,2,3,3,1,1,1,4,2,2,4,2,3,3,4,1,3,3,4,4,1,3,3,2,4,3,2,3,1,1,2,3,2,1,2,3,3,2,3,2,4,6,31,30,31,32,27,5,18,5,39
IDS_82,Support Core Function,Operator,Male,27,Gen Z,0.4,Less than 1 Year,1,3,1,1,2,2,1.7,Disengaged,3,3,3,3,3,3,2,3,3,3,3,3,4,4,3,3,3,4,3,3,3,3,2,3,3,4,3,3,3,3,3,2,2,3,3,2,1,3,2,3,31,2,39,4,19,14,28,6,18,6
IDS_83,Support Core Function,Operator,Male,63,Baby Boomer,8,6-10 Years,1,3,1,1,2,2,1.7,Disengaged,4,4,4,4,4,4,4,4,4,4,4,4,4,4,4,4,4,4,4,3,4,4,4,4,4,4,4,4,3,4,4,3,4,4,3,4,4,1,4,4,35,6,31,40,32,31,38,7,14,22
IDS_84,Support Core Function,Operator,Female,56,Gen X,14,More Than 10 Years,3,3,2,2,1,1,2,Disengaged,3,3,3,3,3,3,2,3,3,3,3,3,4,4,3,3,3,4,3,3,3,3,2,3,3,4,3,3,3,3,3,2,2,3,2,4,3,3,4,3,27,24,5,13,16,24,25,32,9,37
IDS_85,Support Core Function,Operator,Male,64,Baby Boomer,13,More Than 10 Years,3,3,2,1,4,1,2.3,Disengaged,3,3,3,3,2,3,3,3,3,3,3,3,4,4,3,3,3,3,3,3,3,3,3,3,3,3,3,3,3,3,3,3,3,3,3,3,3,2,3,3,32,20,34,40,38,30,4,38,11,7
IDS_86,Semi Core Function,Professional,Male,26,Gen Z,0,Less than 1 Year,4,3,4,2,1,1,2.5,Disengaged,3,2,4,3,3,1,1,4,3,3,3,3,4,3,4,3,3,2,4,3,4,3,3,4,4,4,4,3,4,2,3,3,4,3,2,2,3,2,4,4,6,22,36,30,35,8,11,37,19,14
IDS_87,Support Core Function,Operator,Female,27,Gen Z,1,Less than 1 Year,3,2,2,2,2,2,2.2,Disengaged,4,3,4,4,3,4,3,3,4,4,4,4,3,4,4,4,4,4,4,4,4,4,4,3,4,4,4,3,4,4,4,4,4,4,3,3,3,4,4,4,8,6,28,34,38,16,17,19,35,18
IDS_88,Support Core Function,Operator,Male,58,Gen X,0.4,Less than 1 Year,3,3,3,2,2,2,2.5,Disengaged,3,3,4,3,3,3,2,3,3,3,3,3,4,4,3,3,4,2,2,3,2,2,3,2,3,2,2,2,3,3,3,2,3,3,3,3,3,2,3,3,30,21,22,36,22,6,38,8,6,12
IDS_89,Support Core Function,Operator,Male,65,Baby Boomer,0.5,Less than 1 Year,2,2,2,2,2,2,2,Disengaged,4,4,4,4,4,4,4,4,4,4,4,3,4,4,4,4,4,4,4,4,4,4,4,4,4,4,4,4,4,4,4,4,4,4,3,4,4,4,4,4,36,14,19,21,23,5,14,17,11,28
IDS_90,Support Core Function,Operator,Male,39,Gen Y,10,6-10 Years,2,2,2,1,2,2,1.8,Disengaged,2,3,3,4,2,2,2,2,3,3,3,3,4,3,4,2,2,3,3,2,3,3,3,3,3,3,2,3,3,3,2,1,3,2,2,3,3,2,3,2,2,18,26,35,28,3,1,31,20,11
IDS_91,Semi Core Function,Senior Management,Others,57,Gen X,7,6-10 Years,4,4,3,4,4,3,3.7,Highly Engaged,2,4,3,3,3,2,2,2,3,3,3,2,3,2,3,3,3,3,3,2,3,3,3,3,4,3,3,3,3,3,3,2,3,3,2,3,3,2,3,2,18,6,8,9,21,19,37,14,25,40
IDS_92,Semi Core Function,Middle Management,Male,33,Gen Y,1,1-2 Years,4,4,3,4,4,3,3.7,Highly Engaged,2,3,3,2,3,2,2,3,3,2,3,3,3,3,1,3,2,3,3,2,3,2,2,3,3,3,2,3,3,3,3,2,3,2,2,3,3,2,3,3,22,9,13,17,40,12,16,34,11,39
IDS_93,Semi Core Function,Senior Management,Female,24,Gen Z,5,3-5 Years,4,4,3,4,4,3,3.7,Highly Engaged,3,3,3,3,3,3,3,3,3,3,3,3,4,4,3,4,3,4,3,4,3,3,3,3,4,4,4,4,4,3,3,4,4,3,3,3,4,1,3,4,27,24,16,27,32,23,40,12,38,20
IDS_94,Semi Core Function,Operator,Female,64,Baby Boomer,1,1-2 Years,4,4,3,4,4,3,3.7,Highly Engaged,3,4,4,4,4,3,3,3,4,4,3,4,4,4,3,4,4,4,4,4,4,4,4,4,4,4,4,4,4,4,4,3,4,4,4,4,4,4,4,3,14,14,19,38,5,28,34,1,15,15
IDS_95,Semi Core Function,Middle Management,Others,28,Gen Y,5,3-5 Years,4,4,3,4,4,3,3.7,Highly Engaged,2,4,4,3,3,3,2,3,3,3,3,3,3,3,4,3,3,3,3,4,3,3,3,3,4,4,3,4,4,3,4,3,3,3,3,4,4,3,3,3,15,22,27,22,40,15,8,6,11,23
IDS_96,Semi Core Function,Operator,Male,40,Gen Y,4,3-5 Years,4,4,3,4,4,3,3.7,Highly Engaged,3,2,4,3,3,1,1,4,3,3,3,3,4,3,4,3,3,2,4,3,4,3,3,4,4,4,4,3,4,2,3,3,4,3,2,2,3,2,4,4,25,35,17,29,32,10,34,23,11,18
IDS_97,Support Core Function,Operator,Male,64,Baby Boomer,14,More Than 10 Years,2,2,2,2,2,2,2,Disengaged,4,4,4,4,4,4,4,4,4,4,4,3,4,4,4,4,4,4,4,4,4,4,4,4,4,4,4,4,4,4,4,4,4,4,3,4,4,4,4,4,24,4,23,7,14,19,21,8,22,12
IDS_98,Support Core Function,Operator,Female,43,Gen Y,2,1-2 Years,2,2,2,1,2,2,1.8,Disengaged,2,2,2,1,2,2,3,2,2,3,2,2,3,3,1,3,2,1,2,2,2,3,2,3,4,3,2,2,2,3,2,3,2,2,2,3,3,2,4,3,12,38,1,40,39,26,27,3,39,27
IDS_99,Support Core Function,Professional,Male,59,Gen X,7,6-10 Years,3,3,2,1,4,1,2.3,Disengaged,1,3,3,4,2,3,3,2,3,4,3,3,4,4,2,3,3,2,2,4,3,3,3,3,3,3,3,3,3,2,2,3,4,3,3,4,4,2,4,3,35,28,14,7,24,23,33,17,1,25
IDS_100,Support Core Function,Professional,Male,41,Gen Y,8,6-10 Years,4,3,4,2,1,1,2.5,Disengaged,1,4,3,3,2,2,4,2,4,3,4,4,3,3,3,3,3,3,2,4,2,3,3,3,4,3,3,4,3,3,2,3,4,3,2,3,4,2,4,4,15,15,38,26,15,35,36,23,24,39
IDS_101,Support Core Function,Professional,Male,59,Gen X,1,Less than 1 Year,3,2,2,2,2,2,2.2,Disengaged,3,2,4,4,4,4,4,1,4,4,4,4,4,4,2,3,4,1,3,4,4,4,4,4,4,4,4,4,4,4,2,2,3,4,3,4,4,3,2,4,20,26,31,5,36,18,39,10,38,39
IDS_102,Support Core Function,Operator,Female,53,Gen X,0.2,Less than 1 Year,3,3,3,2,2,2,2.5,Disengaged,4,3,3,4,3,4,2,4,3,3,3,3,3,3,3,4,4,4,3,4,3,3,3,4,4,4,4,4,4,4,3,2,3,4,3,4,3,3,3,2,19,33,23,36,1,2,27,32,27,34
IDS_103,Support Core Function,Operator,Male,51,Gen X,5,3-5 Years,2,2,2,2,2,2,2,Disengaged,4,4,4,4,3,3,3,4,4,3,4,4,3,3,3,4,4,3,3,3,3,3,4,3,3,4,3,3,4,4,2,3,3,4,3,4,3,2,3,4,12,17,30,37,26,32,25,36,16,26
IDS_104,Support Core Function,Professional,Male,26,Gen Z,0.4,Less than 1 Year,3,3,2,2,1,1,2,Disengaged,4,2,1,2,2,1,1,2,3,2,2,2,4,2,2,2,1,4,2,2,2,1,2,2,3,4,2,3,2,2,2,3,4,3,3,2,3,2,3,4,20,37,11,23,3,11,17,21,39,5
IDS_105,Support Core Function,Professional,Female,29,Gen Y,0.9,Less than 1 Year,3,3,2,1,4,1,2.3,Disengaged,4,4,3,3,1,1,2,3,2,4,4,4,3,4,1,4,3,4,1,4,3,3,3,3,4,4,1,4,3,4,4,4,4,3,4,3,4,3,4,1,1,24,38,4,20,11,29,26,1,32
IDS_106,Support Core Function,Professional,Female,62,Baby Boomer,0.6,Less than 1 Year,4,3,4,2,1,1,2.5,Disengaged,3,2,3,3,2,3,3,3,3,3,2,3,3,3,3,3,2,1,1,3,3,3,2,3,3,3,3,3,3,3,3,3,4,3,3,4,4,2,4,4,13,16,29,40,23,22,37,26,3,36
IDS_107,Support Core Function,Operator,Others,25,Gen Z,0.7,Less than 1 Year,3,2,2,2,2,2,2.2,Disengaged,4,3,4,3,4,4,2,3,4,4,4,3,4,4,3,4,2,4,4,3,3,3,3,4,4,4,4,4,4,4,3,4,3,4,3,3,3,4,3,3,2,39,7,19,11,29,6,23,12,17
IDS_108,Support Core Function,Operator,Male,52,Gen X,1,1-2 Years,3,3,3,2,2,2,2.5,Disengaged,1,2,2,1,3,3,1,1,2,3,2,3,2,1,1,3,1,1,1,1,2,1,2,3,2,4,1,2,3,3,1,2,3,2,1,3,2,1,1,2,37,16,13,13,30,14,31,38,18,24
IDS_109,Core Function,Operator,Male,24,Gen Z,13,More Than 10 Years,2,2,2,2,2,2,2,Disengaged,2,1,2,2,2,2,1,1,1,3,1,3,2,2,2,2,1,1,1,2,2,1,2,3,3,4,3,3,2,2,2,3,4,2,1,3,3,2,3,2,30,40,15,17,4,25,11,21,13,34
IDS_110,Core Function,Operator,Female,54,Gen X,0.4,Less than 1 Year,2,2,2,1,2,2,1.8,Disengaged,2,3,4,3,4,3,3,3,3,4,3,3,3,3,3,3,3,4,3,4,3,2,2,4,4,4,4,4,4,3,4,3,3,4,2,4,3,3,2,3,29,3,7,8,12,22,25,2,25,14
IDS_111,Semi Core Function,Operator,Male,51,Gen X,0.1,Less than 1 Year,4,3,3,3,3,3,3.2,Moderately Engaged,1,1,2,2,2,2,2,2,2,3,2,2,3,3,2,3,1,1,1,2,1,1,1,3,3,3,1,2,2,3,1,2,2,1,4,3,4,3,4,3,10,35,24,16,3,18,26,15,35,17
IDS_112,Semi Core Function,Operator,Male,51,Gen X,15,More Than 10 Years,3,4,3,3,3,3,3.2,Moderately Engaged,3,4,4,4,4,4,3,3,4,4,3,3,3,4,3,3,3,3,4,3,2,2,2,3,4,4,4,4,4,4,3,4,3,4,4,4,4,3,4,3,28,36,15,10,12,13,17,27,16,10
IDS_113,Core Function,Professional,Male,53,Gen X,1,Less than 1 Year,4,3,4,2,1,1,2.5,Disengaged,2,3,2,2,3,1,2,1,2,3,2,2,3,2,1,4,2,3,2,3,3,1,1,4,3,3,3,3,3,2,4,3,3,2,3,1,2,2,1,4,4,5,35,13,10,33,16,26,19,26
IDS_114,Core Function,Operator,Female,29,Gen Y,0.5,Less than 1 Year,3,2,2,2,2,2,2.2,Disengaged,2,3,4,3,3,3,2,3,4,4,3,3,4,4,3,4,3,2,3,4,4,3,3,4,3,3,3,4,4,3,3,3,3,4,4,4,4,4,3,4,17,12,9,14,10,13,25,10,16,25
IDS_115,Core Function,Operator,Male,39,Gen Y,0.4,Less than 1 Year,3,3,3,2,2,2,2.5,Disengaged,2,3,3,4,4,3,2,2,3,4,3,3,4,4,2,4,3,3,3,3,3,3,3,4,4,4,3,4,4,4,3,3,3,2,3,4,3,3,4,4,10,1,30,4,35,13,1,13,14,36
IDS_116,Core Function,Operator,Male,52,Gen X,0.1,Less than 1 Year,2,2,2,2,2,2,2,Disengaged,2,3,3,3,3,3,2,3,3,3,2,3,3,3,2,3,2,3,3,3,3,3,3,3,3,3,3,3,3,3,3,2,2,3,2,3,3,2,3,3,32,37,14,18,33,2,8,7,8,32
IDS_117,Core Function,Operator,Female,55,Gen X,6,6-10 Years,2,2,2,1,2,2,1.8,Disengaged,4,4,4,4,4,4,3,3,4,3,3,3,4,4,3,4,4,4,4,4,4,4,4,4,4,4,4,4,4,4,4,3,4,4,3,4,4,4,4,4,8,11,10,17,19,3,23,22,15,9
IDS_118,Core Function,Professional,Male,59,Gen X,10,6-10 Years,3,3,3,2,1,1,2.2,Disengaged,3,3,3,3,3,3,3,3,3,3,3,3,3,3,3,3,3,3,3,3,3,3,3,3,3,3,3,3,3,3,3,3,3,3,3,3,3,3,3,3,11,27,7,32,22,27,17,12,26,15
IDS_119,Core Function,Operator,Male,33,Gen Y,4,3-5 Years,3,2,2,2,2,2,2.2,Disengaged,4,4,4,4,4,4,4,4,4,4,4,4,4,4,4,4,4,3,4,4,4,4,4,3,4,4,4,4,4,4,4,4,4,4,4,4,4,4,4,4,15,18,20,26,8,19,15,22,37,12
IDS_120,Core Function,Professional,Female,30,Gen Y,3,3-5 Years,3,3,1,1,2,2,2,Disengaged,2,3,4,3,3,4,2,3,3,4,4,4,3,3,3,4,4,3,4,3,3,3,3,4,4,4,4,4,4,3,4,3,3,3,3,3,3,3,3,3,7,15,10,6,32,7,4,7,2,31
IDS_121,Core Function,Operator,Female,22,Gen Z,13,More Than 10 Years,3,3,2,2,1,1,2,Disengaged,3,3,2,3,2,2,2,3,2,2,2,3,3,2,2,2,2,3,2,2,3,2,2,2,3,3,3,3,3,3,3,2,3,2,2,2,2,2,3,3,16,32,10,39,7,31,32,33,34,40
IDS_122,Core Function,Operator,Others,31,Gen Y,10,6-10 Years,2,2,1,2,2,2,1.8,Disengaged,3,4,4,4,4,3,3,3,4,4,3,4,4,4,3,4,4,4,4,4,4,4,4,4,4,4,4,4,4,4,4,3,4,4,4,4,4,4,4,3,21,5,24,5,35,8,39,1,5,37
IDS_123,Core Function,Professional,Male,61,Baby Boomer,5,3-5 Years,2,1,2,1,2,2,1.7,Disengaged,3,3,3,3,3,3,3,3,3,3,3,3,3,3,3,3,3,3,3,3,3,3,3,3,3,3,3,3,3,3,3,3,3,3,3,3,3,3,3,3,3,14,36,24,13,26,5,6,3,24
IDS_124,Core Function,Operator,Male,27,Gen Z,1,1-2 Years,1,2,2,1,2,2,1.7,Disengaged,2,4,3,3,3,2,2,2,3,3,3,2,3,2,3,3,3,3,3,2,3,3,3,3,4,3,3,3,3,3,3,2,3,3,2,3,3,2,3,2,14,2,40,32,24,25,38,8,31,35
IDS_125,Core Function,Operator,Female,41,Gen Y,2,1-2 Years,2,2,1,1,2,2,1.7,Disengaged,3,3,3,2,3,2,1,2,1,3,2,2,4,3,3,3,3,2,3,4,3,2,3,3,2,3,3,3,3,3,3,2,4,3,1,2,3,1,3,1,24,6,19,26,5,38,22,8,30,29
IDS_126,Core Function,Operator,Male,22,Gen Z,8,6-10 Years,2,2,1,1,2,2,1.7,Disengaged,4,4,4,4,4,4,3,3,4,3,3,3,4,4,3,4,4,4,4,4,4,4,4,4,4,4,4,4,4,4,4,3,4,4,3,4,4,4,4,4,13,4,5,25,1,24,34,40,25,30
IDS_127,Core Function,Operator,Male,26,Gen Z,13,More Than 10 Years,2,2,2,1,2,2,1.8,Disengaged,4,3,4,4,3,4,3,3,4,4,4,4,3,4,4,4,4,4,4,4,4,4,4,3,4,4,4,3,4,4,4,4,4,4,3,3,3,4,4,4,8,16,38,34,26,11,12,37,29,8
IDS_128,Core Function,Operator,Male,41,Gen Y,6,6-10 Years,1,3,1,1,2,2,1.7,Disengaged,3,4,4,4,4,4,2,3,4,3,3,3,4,4,3,4,2,4,4,3,3,3,3,4,4,4,4,4,4,4,4,4,3,4,4,4,4,3,3,4,3,25,8,27,36,31,28,39,7,22
IDS_129,Core Function,Professional,Female,57,Gen X,3,3-5 Years,1,1,1,1,2,2,1.3,Actively Disengaged,3,4,3,2,3,2,3,3,3,3,3,3,4,4,2,3,3,3,2,4,3,3,3,4,4,4,3,4,3,2,3,3,4,4,3,4,4,2,4,3,38,10,24,33,37,1,32,9,38,39
IDS_130,Semi Core Function,Professional,Male,40,Gen Y,6,6-10 Years,4,4,3,4,4,3,3.7,Highly Engaged,3,2,3,2,2,3,3,3,2,3,2,3,3,3,2,3,2,2,2,2,2,2,3,3,4,4,4,3,3,3,3,3,3,3,2,2,3,2,3,3,26,18,1,38,28,30,4,2,31,20
IDS_131,Core Function,Middle Management,Male,35,Gen Y,14,More Than 10 Years,1,3,1,1,2,2,1.7,Disengaged,4,4,4,4,4,4,4,4,4,4,4,4,4,4,4,4,4,3,4,4,4,4,4,3,4,4,4,4,4,4,4,4,4,4,4,4,4,4,4,4,2,7,36,40,13,36,34,4,38,8
IDS_132,Core Function,Operator,Female,61,Baby Boomer,0.9,Less than 1 Year,1,1,1,1,2,2,1.3,Actively Disengaged,2,3,3,4,2,2,2,2,3,3,3,3,4,3,4,2,2,3,3,2,3,3,3,3,3,3,2,3,3,3,2,1,3,2,3,4,3,3,4,2,14,23,29,40,17,19,20,5,37,16
IDS_133,Support Core Function,Senior Management,Male,56,Gen X,0.5,Less than 1 Year,2,2,2,2,2,1,1.8,Disengaged,3,4,4,4,4,4,2,3,4,3,3,3,4,4,3,4,2,4,4,3,3,3,3,4,4,4,4,4,4,4,4,4,3,4,4,4,4,3,3,4,11,26,30,14,17,9,29,35,38,14
IDS_134,Support Core Function,Professional,Male,61,Baby Boomer,7,6-10 Years,2,2,2,1,2,2,1.8,Disengaged,3,3,3,3,2,3,2,3,3,2,3,3,4,3,2,3,2,3,2,3,3,3,3,3,3,4,3,3,3,3,3,3,4,2,2,2,3,2,4,4,31,18,2,36,22,13,5,20,32,11
IDS_135,Support Core Function,Middle Management,Male,23,Gen Z,3,3-5 Years,2,2,2,2,2,2,2,Disengaged,1,2,2,2,2,1,1,1,1,3,1,1,2,1,2,3,2,3,3,1,3,1,3,4,3,4,3,4,4,2,3,2,3,3,2,3,3,1,3,3,29,14,15,20,2,26,4,19,39,16
IDS_136,Support Core Function,Operator,Female,46,Gen X,1,1-2 Years,2,2,2,1,2,2,1.8,Disengaged,1,2,2,2,2,1,1,1,1,3,1,1,2,1,2,3,2,3,3,1,3,1,3,4,3,4,3,4,4,2,3,2,3,3,2,3,3,1,3,3,11,21,5,33,1,23,31,14,33,11
IDS_137,Support Core Function,Operator,Female,64,Baby Boomer,9,6-10 Years,4,4,3,4,4,3,3.7,Highly Engaged,1,2,2,1,3,3,1,1,2,3,2,3,2,1,1,3,1,1,1,1,2,1,2,3,2,4,1,2,3,3,1,2,3,2,1,3,2,1,1,2,27,34,33,16,36,17,25,9,15,23
IDS_138,Support Core Function,Operator,Others,54,Gen X,4,3-5 Years,4,4,3,4,1,1,2.8,Moderately Engaged,2,4,3,3,3,2,2,2,3,3,3,2,3,2,3,3,3,3,3,2,3,3,3,3,4,3,3,3,3,3,3,2,3,3,2,3,3,2,3,2,4,8,3,4,22,25,15,29,22,13
IDS_139,Support Core Function,Operator,Male,44,Gen X,13,More Than 10 Years,4,4,3,4,4,3,3.7,Highly Engaged,3,3,3,2,3,2,1,2,1,3,2,2,4,3,3,3,3,2,3,4,3,2,3,3,2,3,3,3,3,3,3,2,4,3,1,2,3,1,3,1,30,3,21,19,4,37,17,17,18,23
IDS_140,Support Core Function,Professional,Male,49,Gen X,12,More Than 10 Years,4,4,3,4,4,3,3.7,Highly Engaged,4,4,4,4,4,4,3,3,4,3,3,3,4,4,3,4,4,4,4,4,4,4,4,4,4,4,4,4,4,4,4,3,4,4,3,4,4,4,4,4,39,16,1,25,35,23,1,16,23,8
IDS_141,Support Core Function,Professional,Female,25,Gen Z,9,6-10 Years,4,4,3,4,1,3,3.2,Moderately Engaged,3,3,3,3,3,3,3,3,3,3,3,3,3,3,3,3,3,3,3,3,3,3,3,3,3,3,3,3,3,3,3,3,3,3,3,3,3,3,3,3,17,32,40,24,30,4,29,32,14,40
IDS_142,Support Core Function,Professional,Male,42,Gen Y,9,6-10 Years,4,4,3,4,4,1,3.3,Moderately Engaged,3,4,4,4,4,3,3,3,4,4,3,4,4,4,3,4,4,4,4,4,4,4,4,4,4,4,4,4,4,4,4,3,4,4,4,4,4,4,4,3,40,23,35,5,27,6,31,21,28,24
IDS_143,Support Core Function,Operator,Male,43,Gen Y,4,3-5 Years,1,4,3,4,4,3,3.2,Moderately Engaged,4,4,4,4,4,4,4,4,4,4,4,4,4,4,4,4,4,3,4,4,4,4,4,3,4,4,4,4,4,4,4,4,4,4,4,4,4,4,4,4,14,39,8,27,16,12,6,36,16,36
IDS_144,Support Core Function,Operator,Male,62,Baby Boomer,11,More Than 10 Years,2,2,2,2,2,2,2,Disengaged,3,2,4,3,3,1,1,4,3,3,3,3,4,3,4,3,3,2,4,3,4,3,3,4,4,4,4,3,4,2,3,3,4,3,2,2,3,2,4,4,16,6,27,18,12,21,37,33,36,39
IDS_145,Support Core Function,Operator,Female,55,Gen X,5,3-5 Years,2,2,2,1,2,2,1.8,Disengaged,4,3,4,4,3,4,3,3,4,4,4,4,3,4,4,4,4,4,4,4,4,4,4,3,4,4,4,3,4,4,4,4,4,4,3,3,3,4,4,4,7,38,10,32,1,18,4,1,5,25
IDS_146,Support Core Function,Operator,Male,57,Gen X,14,More Than 10 Years,4,4,3,1,4,3,3.2,Moderately Engaged,3,4,4,4,4,4,2,3,4,3,3,3,4,4,3,4,2,4,4,3,3,3,3,4,4,4,4,4,4,4,4,4,3,4,4,4,4,3,3,4,15,21,16,30,20,4,31,25,12,9
IDS_147,Support Core Function,Operator,Male,42,Gen Y,15,More Than 10 Years,4,4,3,4,4,3,3.7,Highly Engaged,3,4,3,2,3,2,3,3,3,3,3,3,4,4,2,3,3,3,2,4,3,3,3,4,4,4,3,4,3,2,3,3,4,4,3,4,4,2,4,3,16,19,28,25,35,38,27,7,3,24
IDS_148,Support Core Function,Operator,Female,44,Gen X,3,3-5 Years,4,4,3,4,1,3,3.2,Moderately Engaged,2,2,2,1,2,2,3,2,2,3,2,2,3,3,1,3,2,1,2,2,2,3,2,3,4,3,2,2,2,3,2,3,2,2,2,3,3,2,4,3,3,13,20,6,18,8,40,39,17,36
IDS_149,Support Core Function,Operator,Male,26,Gen Z,6,6-10 Years,4,4,3,1,4,3,3.2,Moderately Engaged,2,3,3,2,1,2,1,4,3,1,3,2,3,2,3,4,4,2,4,1,4,1,3,1,1,4,2,3,2,4,3,2,4,3,2,1,4,3,3,4,8,12,24,27,12,8,20,22,34,11
IDS_150,Support Core Function,Operator,Female,35,Gen Y,4,3-5 Years,2,2,2,2,2,2,2,Disengaged,4,3,1,1,3,1,1,1,2,3,3,4,3,1,3,2,3,1,1,3,3,1,1,2,3,4,2,4,3,2,1,3,1,3,3,2,1,2,3,2,13,31,11,39,1,3,14,18,22,3
IDS_151,Support Core Function,Professional,Female,64,Baby Boomer,1,1-2 Years,2,2,2,1,2,2,1.8,Disengaged,3,3,3,1,4,3,2,2,1,1,4,2,2,2,4,3,1,1,2,3,1,4,4,4,2,2,2,3,4,4,1,4,1,3,3,2,3,1,3,1,28,24,10,40,23,23,34,1,15,20
IDS_152,Support Core Function,Professional,Others,64,Baby Boomer,0.2,Less than 1 Year,1,3,3,1,4,3,2.5,Disengaged,3,4,3,2,3,2,3,3,3,3,3,3,4,4,2,3,3,3,2,4,3,3,3,4,4,4,3,4,3,2,3,3,4,4,3,4,4,2,4,3,15,32,1,40,38,9,36,26,2,25
IDS_153,Support Core Function,Professional,Male,26,Gen Z,6,6-10 Years,4,4,3,4,3,3,3.5,Highly Engaged,2,1,2,3,2,2,1,2,2,2,2,2,2,2,2,2,1,2,2,2,1,1,1,1,3,3,2,3,2,2,2,1,2,2,1,2,2,1,2,2,28,24,14,18,33,31,22,40,2,1
IDS_154,Support Core Function,Operator,Male,40,Gen Y,7,6-10 Years,2,2,2,2,2,2,2,Disengaged,2,3,3,4,2,2,2,2,3,3,3,3,4,3,4,2,2,3,3,2,3,3,3,3,3,3,2,3,3,3,2,1,3,2,2,3,3,2,3,2,36,16,1,16,33,5,23,1,33,7
IDS_155,Support Core Function,Operator,Female,56,Gen X,15,More Than 10 Years,2,2,2,1,2,2,1.8,Disengaged,4,3,4,3,4,4,2,3,4,4,4,3,4,4,3,4,2,4,4,3,3,3,3,4,4,4,4,4,4,4,3,4,3,4,3,3,3,4,3,3,12,37,4,12,35,2,12,25,19,8
IDS_156,Support Core Function,Senior Management,Male,22,Gen Z,7,6-10 Years,4,4,3,4,3,3,3.5,Highly Engaged,4,4,4,4,4,4,4,4,4,4,4,4,4,4,4,4,4,4,4,3,4,4,4,4,4,4,4,4,3,4,4,3,4,4,3,4,4,1,4,4,28,31,25,24,15,16,1,32,4,18
IDS_157,Support Core Function,Operator,Male,36,Gen Y,2,1-2 Years,4,4,3,4,3,3,3.5,Highly Engaged,1,3,3,3,4,2,1,2,2,4,2,2,3,3,3,4,3,3,4,4,3,2,3,4,4,4,4,4,4,3,4,3,2,2,2,4,3,1,4,4,40,40,3,25,22,24,33,27,20,20
IDS_158,Support Core Function,Operator,Male,28,Gen Y,5,3-5 Years,4,3,4,3,3,3,3.3,Moderately Engaged,4,3,2,3,3,2,1,2,3,3,2,2,3,3,2,2,2,1,1,2,2,1,2,3,4,3,3,3,3,3,2,2,3,2,3,3,2,2,3,2,36,35,32,10,36,13,20,11,15,28
IDS_159,Support Core Function,Operator,Female,46,Gen X,0.7,Less than 1 Year,2,2,2,2,2,2,2,Disengaged,1,4,4,4,4,4,2,3,4,4,2,3,3,4,3,4,3,3,3,3,3,2,3,3,4,4,3,3,3,3,3,4,4,3,3,3,2,2,3,4,7,20,19,20,9,34,31,6,9,32
IDS_160,Support Core Function,Professional,Male,22,Gen Z,5,3-5 Years,2,2,2,1,2,2,1.8,Disengaged,3,3,4,3,3,2,2,2,2,3,3,2,3,3,3,3,3,3,2,3,3,3,2,3,3,4,2,3,3,3,2,3,2,3,3,3,3,2,2,2,7,5,23,6,32,39,30,1,40,28
IDS_161,Support Core Function,Operator,Male,36,Gen Y,1,1-2 Years,4,4,3,3,3,3,3.3,Moderately Engaged,1,4,4,4,4,4,2,3,4,4,2,3,3,4,3,4,3,3,3,3,3,2,3,3,4,4,3,3,3,3,3,4,4,3,3,4,4,2,4,4,10,3,10,18,3,8,26,20,10,10
IDS_162,Support Core Function,Operator,Female,61,Baby Boomer,11,More Than 10 Years,4,4,3,3,3,3,3.3,Moderately Engaged,3,3,3,3,3,3,2,3,3,3,3,3,4,4,3,3,3,4,3,3,3,3,2,3,3,4,3,3,3,3,3,2,2,3,2,4,3,3,4,3,33,37,22,24,4,33,6,15,11,18
IDS_163,Support Core Function,Operator,Male,55,Gen X,8,6-10 Years,4,4,3,3,3,3,3.3,Moderately Engaged,2,3,4,3,4,3,3,3,3,4,3,3,3,3,3,3,3,4,3,4,3,2,2,4,4,4,4,4,4,3,4,3,3,4,3,4,3,2,3,3,4,30,19,8,12,21,38,38,24,20
IDS_164,Support Core Function,Operator,Male,37,Gen Y,13,More Than 10 Years,3,4,3,3,3,4,3.3,Moderately Engaged,1,1,2,2,2,2,2,2,2,3,2,2,3,3,2,3,1,1,1,2,1,1,1,3,3,3,1,2,2,3,1,2,2,1,1,3,2,2,2,3,12,39,19,31,17,30,38,38,18,10
IDS_165,Support Core Function,Operator,Female,35,Gen Y,7,6-10 Years,4,3,4,3,3,3,3.3,Moderately Engaged,4,4,3,3,1,1,2,3,2,4,4,4,3,4,1,4,3,4,1,4,3,3,3,3,4,4,1,4,3,4,4,4,4,3,4,3,4,3,4,1,15,22,16,25,34,40,2,29,38,30
IDS_166,Support Core Function,Operator,Male,38,Gen Y,2,1-2 Years,4,4,1,3,1,1,2.3,Disengaged,3,2,3,3,2,3,3,3,3,3,2,3,3,3,3,3,2,1,1,3,3,3,2,3,3,3,3,3,3,3,3,3,4,3,3,4,4,2,4,4,15,15,37,36,9,33,28,17,18,38
IDS_167,Support Core Function,Operator,Female,55,Gen X,1,1-2 Years,4,4,3,3,3,3,3.3,Moderately Engaged,4,3,3,4,3,4,2,4,3,3,3,3,3,3,3,4,4,4,3,4,3,3,3,4,4,4,4,4,4,4,3,2,3,4,3,4,3,3,3,2,17,40,3,14,7,6,38,13,2,31
IDS_168,Support Core Function,Operator,Female,47,Gen X,10,6-10 Years,4,4,1,3,3,3,3,Moderately Engaged,2,3,4,3,3,3,2,3,4,4,3,3,4,4,3,4,3,2,3,4,4,3,3,4,3,3,3,4,4,3,3,3,3,4,4,4,4,4,3,4,17,25,10,7,12,5,39,36,15,20
IDS_169,Support Core Function,Operator,Others,45,Gen X,10,6-10 Years,3,4,3,3,3,4,3.3,Moderately Engaged,2,3,3,3,3,3,2,3,3,3,2,3,3,3,2,3,2,3,3,3,3,3,3,3,3,3,3,3,3,3,3,2,2,3,2,3,3,2,3,3,3,31,20,34,5,3,3,39,32,23
IDS_170,Support Core Function,Operator,Male,48,Gen X,2,1-2 Years,4,3,3,3,3,3,3.2,Moderately Engaged,2,2,3,2,3,2,2,2,2,3,3,2,3,3,1,3,1,2,2,3,2,2,3,2,4,3,4,3,3,3,3,2,2,3,1,4,2,1,3,4,36,27,26,39,21,9,31,32,9,37
IDS_171,Support Core Function,Operator,Male,50,Gen X,12,More Than 10 Years,3,4,3,1,3,3,2.8,Moderately Engaged,4,4,3,3,3,3,2,2,3,3,2,3,4,3,2,2,2,3,2,2,2,2,2,3,4,3,3,3,3,2,4,3,3,3,2,3,4,3,3,3,22,34,16,20,29,19,2,30,3,2
IDS_172,Support Core Function,Operator,Female,58,Gen X,1,1-2 Years,3,3,3,3,3,4,3.2,Moderately Engaged,2,3,2,2,3,1,2,1,2,3,2,2,3,2,1,4,2,3,2,3,3,1,1,4,3,3,3,3,3,2,4,3,3,2,2,2,3,3,2,4,31,4,19,15,21,36,5,25,32,25
IDS_173,Support Core Function,Operator,Male,62,Baby Boomer,8,6-10 Years,3,3,4,3,3,3,3.2,Moderately Engaged,3,4,4,4,4,4,3,3,4,4,3,3,3,4,3,3,3,3,4,3,2,2,2,3,4,4,4,4,4,4,3,4,3,4,4,4,4,3,4,3,31,8,35,31,1,28,14,2,29,19
IDS_174,Support Core Function,Operator,Male,60,Baby Boomer,5,3-5 Years,3,3,3,3,3,4,3.2,Moderately Engaged,2,3,3,4,4,3,2,2,3,4,3,3,4,4,2,4,3,3,3,3,3,3,3,4,4,4,3,4,4,4,3,3,3,2,3,4,3,3,4,4,31,17,11,6,35,24,3,38,36,11
IDS_175,Support Core Function,Operator,Male,28,Gen Y,3,3-5 Years,2,2,2,2,2,2,2,Disengaged,4,4,3,3,3,2,2,2,3,3,2,3,4,3,3,2,2,2,2,2,2,2,3,3,4,3,2,3,3,3,3,3,3,3,2,3,3,3,3,3,37,14,12,11,31,17,7,18,16,6
IDS_176,Support Core Function,Operator,Female,24,Gen Z,13,More Than 10 Years,2,2,2,1,2,2,1.8,Disengaged,2,2,4,3,2,3,1,2,2,1,3,4,4,2,2,3,3,2,2,3,2,2,2,3,3,3,3,3,2,3,2,2,3,2,2,4,3,2,3,3,2,1,21,11,26,28,11,35,15,21
IDS_177,Support Core Function,Operator,Male,41,Gen Y,4,3-5 Years,3,4,3,3,3,3,3.2,Moderately Engaged,3,2,2,2,2,2,2,2,2,3,3,2,3,3,3,2,2,2,2,3,2,3,2,4,4,4,4,4,4,4,3,2,2,2,2,3,3,4,4,2,28,25,12,18,8,31,23,38,32,26
IDS_178,Support Core Function,Senior Management,Male,35,Gen Y,14,More Than 10 Years,3,3,3,3,3,3,3,Moderately Engaged,3,3,3,3,3,3,3,3,3,3,3,3,3,3,4,4,4,4,4,4,3,3,3,3,4,3,3,3,3,3,3,3,3,3,3,3,4,3,3,3,36,33,23,9,19,2,13,33,1,22
IDS_179,Support Core Function,Operator,Female,58,Gen X,10,6-10 Years,3,3,3,3,3,3,3,Moderately Engaged,4,3,2,3,3,2,1,2,3,3,2,2,3,3,2,2,2,1,1,2,2,1,2,3,4,3,3,3,3,3,2,2,3,2,1,2,2,2,3,2,36,1,15,5,39,19,12,7,38,40
IDS_180,Support Core Function,Professional,Male,55,Gen X,7,6-10 Years,3,3,3,3,3,3,3,Moderately Engaged,4,2,1,2,2,1,1,2,3,2,2,2,4,2,2,2,1,4,2,2,2,1,2,2,3,4,2,3,2,2,2,3,4,3,2,2,3,2,2,4,2,11,13,22,23,10,22,11,17,10
IDS_181,Support Core Function,Senior Management,Male,63,Baby Boomer,15,More Than 10 Years,4,4,3,3,3,3,3.3,Moderately Engaged,3,2,4,4,4,4,4,1,4,4,4,4,4,4,2,3,4,1,3,4,4,4,4,4,4,4,4,4,4,4,2,2,3,4,3,4,4,3,2,4,20,37,21,38,36,26,38,9,9,25
IDS_182,Support Core Function,Operator,Male,42,Gen Y,8,6-10 Years,4,3,3,4,4,3,3.5,Highly Engaged,3,3,3,3,3,3,3,3,3,3,3,3,3,3,4,4,4,4,4,4,3,3,3,3,4,3,3,3,3,3,3,3,3,3,3,3,4,3,3,3,3,38,27,2,31,37,39,9,28,16
IDS_183,Support Core Function,Operator,Female,35,Gen Y,13,More Than 10 Years,4,4,3,3,3,3,3.3,Moderately Engaged,3,4,3,3,3,3,2,3,3,4,3,4,4,4,3,3,3,2,2,3,3,2,3,4,3,4,3,4,4,3,3,4,4,4,4,4,4,2,3,4,40,20,34,33,16,34,22,29,23,29
IDS_184,Support Core Function,Operator,Female,25,Gen Z,1,1-2 Years,3,3,3,3,3,4,3.2,Moderately Engaged,3,3,3,3,2,3,3,3,3,3,3,3,4,4,3,3,3,3,3,3,3,3,3,3,3,3,3,3,3,3,3,3,3,3,3,3,3,2,3,3,19,2,35,9,19,26,39,26,2,23
IDS_185,Support Core Function,Senior Management,Others,57,Gen X,9,6-10 Years,3,4,3,3,3,4,3.3,Moderately Engaged,4,3,3,3,3,3,2,2,3,3,4,3,4,4,3,3,3,3,2,3,3,3,3,4,3,4,2,4,3,3,3,3,3,3,3,3,4,2,3,3,28,5,40,39,24,18,2,29,28,12
IDS_186,Support Core Function,Professional,Male,62,Baby Boomer,14,More Than 10 Years,3,3,4,3,3,3,3.2,Moderately Engaged,1,4,3,3,2,2,4,2,4,3,4,4,3,3,3,3,3,3,2,4,2,3,3,3,4,3,3,4,3,3,2,3,4,3,2,3,4,2,4,4,5,1,9,34,5,5,39,24,39,13
IDS_187,Support Core Function,Operator,Male,43,Gen Y,11,More Than 10 Years,3,3,3,3,3,3,3,Moderately Engaged,2,3,3,3,3,3,2,3,3,3,3,3,3,3,2,3,2,3,2,4,2,2,2,3,3,4,3,3,3,3,3,2,3,3,3,3,3,3,4,2,16,13,13,22,15,4,4,6,1,19
IDS_188,Support Core Function,Professional,Female,42,Gen Y,0.2,Less than 1 Year,4,3,3,3,3,3,3.2,Moderately Engaged,1,3,3,4,2,3,3,2,3,4,3,3,4,4,2,3,3,2,2,4,3,3,3,3,3,3,3,3,3,2,2,3,4,3,3,4,4,2,4,3,23,24,11,18,18,23,13,9,19,16
IDS_189,Support Core Function,Operator,Male,43,Gen Y,5,3-5 Years,3,4,3,3,3,3,3.2,Moderately Engaged,3,4,2,3,2,2,2,1,2,2,4,2,4,4,2,3,2,2,2,3,2,2,3,2,4,4,4,4,4,2,4,2,2,3,2,3,3,1,4,4,15,4,2,1,23,27,30,17,30,10
IDS_190,Support Core Function,Operator,Male,53,Gen X,0.2,Less than 1 Year,3,4,3,3,3,3,3.2,Moderately Engaged,2,2,2,1,2,2,3,2,2,3,2,2,3,3,1,3,2,1,2,2,2,3,2,3,4,3,2,2,2,3,2,3,2,2,2,3,3,2,4,3,23,27,20,24,15,18,26,21,4,5
IDS_191,Support Core Function,Professional,Male,36,Gen Y,5,3-5 Years,3,3,2,2,1,1,2,Disengaged,3,2,3,2,2,3,3,3,2,3,2,3,3,3,2,3,2,2,2,2,2,2,3,3,4,4,4,3,3,3,3,3,3,3,2,2,3,2,3,3,12,3,14,28,36,31,13,32,30,38
IDS_192,Support Core Function,Professional,Female,27,Gen Z,3,3-5 Years,3,3,1,1,2,2,2,Disengaged,3,3,3,3,4,2,2,3,3,2,3,3,3,4,2,4,2,3,3,2,3,3,3,3,3,3,3,3,3,3,3,2,2,3,3,4,3,3,3,3,22,26,15,17,28,16,9,37,9,36
IDS_193,Support Core Function,Operator,Male,44,Gen X,2,1-2 Years,2,2,2,2,2,4,2.3,Disengaged,3,3,3,3,2,3,3,3,3,3,3,3,4,4,3,3,3,3,3,3,3,3,3,3,3,3,3,3,3,3,3,3,3,3,3,3,3,2,3,3,25,9,15,25,13,5,26,38,7,39
IDS_194,Support Core Function,Professional,Male,46,Gen X,3,3-5 Years,2,3,2,1,2,2,2,Disengaged,1,3,3,3,4,2,1,2,2,4,2,2,3,3,3,4,3,3,4,4,3,2,3,4,4,4,4,4,4,3,4,3,2,2,2,4,3,1,4,4,20,16,2,17,8,35,18,40,35,4
IDS_195,Support Core Function,Professional,Female,43,Gen Y,6,6-10 Years,2,2,3,1,4,2,2.3,Disengaged,4,3,3,3,3,3,2,2,3,3,4,3,4,4,3,3,3,3,2,3,3,3,3,4,3,4,2,4,3,3,3,3,3,3,3,3,4,2,3,3,2,19,38,7,39,19,4,38,17,9
IDS_196,Support Core Function,Professional,Male,57,Gen X,12,More Than 10 Years,2,2,2,3,2,4,2.5,Disengaged,2,3,4,3,3,4,2,3,3,4,4,4,3,3,3,4,4,3,4,3,3,3,3,4,4,4,4,4,4,3,4,3,3,3,3,3,3,3,3,3,24,30,27,12,40,3,37,1,23,9
IDS_197,Support Core Function,Professional,Male,43,Gen Y,3,3-5 Years,4,4,3,3,3,3,3.3,Moderately Engaged,3,3,2,3,2,2,2,3,2,2,2,3,3,2,2,2,2,3,2,2,3,2,2,2,3,3,3,3,3,3,3,2,3,2,2,2,2,2,3,3,29,14,9,18,14,33,29,24,36,23
IDS_198,Support Core Function,Operator,Female,53,Gen X,8,6-10 Years,4,3,3,4,4,3,3.5,Highly Engaged,2,4,4,3,3,3,2,3,3,3,3,3,3,3,4,3,3,3,3,4,3,3,3,3,4,4,3,4,4,3,4,3,3,3,3,4,4,3,3,3,32,34,7,22,24,15,32,28,19,33
IDS_199,Support Core Function,Operator,Male,22,Gen Z,6,6-10 Years,4,4,2,2,3,3,3,Moderately Engaged,1,1,2,1,1,2,1,1,1,2,1,2,2,1,1,1,1,1,1,2,1,1,2,4,4,4,2,4,4,4,1,3,2,2,2,2,2,1,1,2,22,22,40,25,35,32,5,25,23,38
IDS_200,Support Core Function,Operator,Male,42,Gen Y,14,More Than 10 Years,3,3,3,2,3,4,3,Moderately Engaged,2,1,2,2,2,2,1,1,1,3,1,3,2,2,2,2,1,1,1,2,2,1,2,3,3,4,3,3,2,2,2,3,4,2,1,3,3,2,3,2,6,24,32,18,22,24,4,28,30,9
IDS_201,Support Core Function,Professional,Male,57,Gen X,1,1-2 Years,1,2,3,3,2,4,2.5,Disengaged,4,4,4,4,3,3,3,4,4,3,4,4,3,3,3,4,4,3,3,3,3,3,4,3,3,4,3,3,4,4,2,3,3,4,3,4,3,2,3,4,8,3,33,20,28,34,7,4,17,35
IDS_202,Support Core Function,Operator,Male,28,Gen Y,6,6-10 Years,4,3,4,2,3,3,3.2,Moderately Engaged,2,3,3,2,3,2,2,3,3,2,3,3,3,3,1,3,2,3,3,2,3,2,2,3,3,3,2,3,3,3,3,2,3,2,2,3,3,2,3,3,21,29,5,10,22,10,6,12,29,38
IDS_203,Support Core Function,Operator,Male,31,Gen Y,2,1-2 Years,3,3,3,2,2,3,2.7,Disengaged,3,3,3,3,3,3,3,3,3,3,3,3,4,4,3,4,3,4,3,4,3,3,3,3,4,4,4,4,4,3,3,4,4,3,3,3,4,1,3,4,13,32,11,20,14,39,38,29,7,21
IDS_204,Support Core Function,Operator,Female,58,Gen X,15,More Than 10 Years,4,3,3,3,3,3,3.2,Moderately Engaged,3,3,4,3,3,3,2,3,3,3,3,3,4,4,3,3,4,2,2,3,2,2,3,2,3,2,2,2,3,3,3,2,3,3,3,3,3,2,3,3,11,27,25,8,37,6,3,13,31,23
IDS_205,Support Core Function,Operator,Male,30,Gen Y,12,More Than 10 Years,4,4,3,3,3,4,3.5,Highly Engaged,4,4,4,4,4,4,4,4,4,4,4,3,4,4,4,4,4,4,4,4,4,4,4,4,4,4,4,4,4,4,4,4,4,4,3,4,4,4,4,4,25,9,30,7,7,39,14,8,23,40
IDS_206,Support Core Function,Professional,Male,27,Gen Z,6,6-10 Years,3,4,3,3,3,3,3.2,Moderately Engaged,2,1,1,2,3,2,2,2,1,2,1,2,3,4,3,4,2,2,3,4,4,4,3,3,1,4,1,4,3,3,2,4,1,4,1,1,4,2,2,4,17,40,7,16,30,24,24,2,31,23
IDS_207,Support Core Function,Professional,Female,28,Gen Y,3,3-5 Years,2,2,2,1,2,2,1.8,Disengaged,1,1,2,1,2,1,2,1,4,4,3,3,1,4,2,1,4,2,2,1,3,3,1,3,2,1,4,2,1,4,3,1,1,1,3,2,3,4,4,4,34,15,21,33,3,14,5,4,9,4
IDS_208,Support Core Function,Operator,Female,29,Gen Y,6,6-10 Years,2,2,2,1,2,2,1.8,Disengaged,4,4,2,3,2,2,1,1,1,2,1,1,3,4,4,1,3,3,3,3,4,3,3,2,4,3,2,1,3,2,3,1,1,2,4,1,4,3,4,2,12,9,24,8,28,10,2,2,15,23
IDS_209,Support Core Function,Operator,Female,47,Gen X,11,More Than 10 Years,1,3,1,2,2,4,2.2,Disengaged,2,3,3,2,3,2,2,3,1,3,2,3,3,4,1,4,2,1,3,2,3,3,2,3,4,3,2,4,3,2,2,3,4,2,3,4,4,4,4,3,22,4,27,13,11,29,5,21,2,18
IDS_210,Support Core Function,Operator,Female,28,Gen Y,14,More Than 10 Years,1,1,1,2,2,4,1.8,Disengaged,3,3,4,3,2,3,3,3,3,3,3,3,4,4,3,3,3,3,3,4,3,3,3,3,4,4,3,3,4,3,3,3,4,3,3,3,2,3,4,3,4,1,25,14,17,39,18,20,4,1
